"Sample (Male/Female/Unknown)","Genotype (forward strand)","Population(s)","Father","Mother"
"NA18525 (F)","A|A","ALL, CHB, EAS","-","-"
"NA18526 (F)","A|G","ALL, CHB, EAS","-","-"
"NA18528 (F)","A|A","ALL, CHB, EAS","-","-"
"NA18530 (M)","A|A","ALL, CHB, EAS","-","-"
"NA18531 (F)","A|G","ALL, CHB, EAS","-","-"
"NA18532 (F)","A|A","ALL, CHB, EAS","-","-"
"NA18533 (F)","A|A","ALL, CHB, EAS","-","-"
"NA18534 (M)","A|G","ALL, CHB, EAS","-","-"
"NA18535 (F)","G|A","ALL, CHB, EAS","-","-"
"NA18536 (M)","A|A","ALL, CHB, EAS","-","-"
"NA18537 (F)","A|A","ALL, CHB, EAS","-","-"
"NA18538 (F)","G|A","ALL, CHB, EAS","-","-"
"NA18539 (F)","A|G","ALL, CHB, EAS","-","-"
"NA18541 (F)","A|G","ALL, CHB, EAS","-","-"
"NA18542 (F)","G|G","ALL, CHB, EAS","-","-"
"NA18543 (M)","A|G","ALL, CHB, EAS","-","-"
"NA18544 (M)","A|G","ALL, CHB, EAS","-","-"
"NA18545 (F)","A|G","ALL, CHB, EAS","-","-"
"NA18546 (M)","A|A","ALL, CHB, EAS","-","-"
"NA18547 (F)","G|G","ALL, CHB, EAS","-","-"
"NA18548 (M)","A|A","ALL, CHB, EAS","-","-"
"NA18549 (M)","A|A","ALL, CHB, EAS","-","-"
"NA18550 (F)","A|A","ALL, CHB, EAS","-","-"
"NA18552 (F)","G|G","ALL, CHB, EAS","-","-"
"NA18553 (F)","G|G","ALL, CHB, EAS","-","-"
"NA18555 (F)","A|G","ALL, CHB, EAS","-","-"
"NA18557 (M)","A|G","ALL, CHB, EAS","-","-"
"NA18558 (M)","A|G","ALL, CHB, EAS","-","-"
"NA18559 (M)","A|G","ALL, CHB, EAS","-","-"
"NA18560 (F)","G|G","ALL, CHB, EAS","-","-"
"NA18561 (M)","A|A","ALL, CHB, EAS","-","-"
"NA18562 (M)","A|G","ALL, CHB, EAS","-","-"
"NA18563 (M)","A|G","ALL, CHB, EAS","-","-"
"NA18564 (F)","G|G","ALL, CHB, EAS","-","-"
"NA18565 (F)","G|G","ALL, CHB, EAS","-","-"
"NA18566 (F)","G|G","ALL, CHB, EAS","-","-"
"NA18567 (F)","A|A","ALL, CHB, EAS","-","-"
"NA18570 (F)","A|A","ALL, CHB, EAS","-","-"
"NA18571 (F)","A|A","ALL, CHB, EAS","-","-"
"NA18572 (M)","A|G","ALL, CHB, EAS","-","-"
"NA18573 (F)","G|A","ALL, CHB, EAS","-","-"
"NA18574 (F)","A|A","ALL, CHB, EAS","-","-"
"NA18577 (F)","G|G","ALL, CHB, EAS","-","-"
"NA18579 (F)","A|A","ALL, CHB, EAS","-","-"
"NA18582 (F)","A|A","ALL, CHB, EAS","-","-"
"NA18591 (F)","G|A","ALL, CHB, EAS","-","-"
"NA18592 (F)","G|A","ALL, CHB, EAS","-","-"
"NA18593 (F)","A|A","ALL, CHB, EAS","-","-"
"NA18595 (F)","A|A","ALL, CHB, EAS","-","-"
"NA18596 (F)","G|A","ALL, CHB, EAS","-","-"
"NA18597 (F)","A|A","ALL, CHB, EAS","-","-"
"NA18599 (F)","A|A","ALL, CHB, EAS","-","-"
"NA18602 (F)","G|A","ALL, CHB, EAS","-","-"
"NA18603 (M)","A|A","ALL, CHB, EAS","-","-"
"NA18605 (M)","G|A","ALL, CHB, EAS","-","-"
"NA18606 (M)","G|A","ALL, CHB, EAS","-","-"
"NA18608 (M)","A|G","ALL, CHB, EAS","-","-"
"NA18609 (M)","G|G","ALL, CHB, EAS","-","-"
"NA18610 (F)","A|A","ALL, CHB, EAS","-","-"
"NA18611 (M)","A|A","ALL, CHB, EAS","-","-"
"NA18612 (M)","G|A","ALL, CHB, EAS","-","-"
"NA18613 (M)","A|A","ALL, CHB, EAS","-","-"
"NA18614 (F)","A|G","ALL, CHB, EAS","-","-"
"NA18615 (F)","G|A","ALL, CHB, EAS","-","-"
"NA18616 (F)","A|A","ALL, CHB, EAS","-","-"
"NA18617 (F)","G|A","ALL, CHB, EAS","-","-"
"NA18618 (F)","A|A","ALL, CHB, EAS","-","-"
"NA18619 (F)","G|G","ALL, CHB, EAS","-","-"
"NA18620 (M)","A|G","ALL, CHB, EAS","-","-"
"NA18621 (M)","G|A","ALL, CHB, EAS","-","-"
"NA18622 (M)","A|A","ALL, CHB, EAS","-","-"
"NA18623 (M)","G|A","ALL, CHB, EAS","-","-"
"NA18624 (M)","A|G","ALL, CHB, EAS","-","-"
"NA18625 (F)","G|G","ALL, CHB, EAS","-","-"
"NA18626 (F)","A|A","ALL, CHB, EAS","-","-"
"NA18627 (F)","A|A","ALL, CHB, EAS","-","-"
"NA18628 (F)","A|A","ALL, CHB, EAS","-","-"
"NA18629 (M)","A|A","ALL, CHB, EAS","-","-"
"NA18630 (F)","G|G","ALL, CHB, EAS","-","-"
"NA18631 (F)","G|A","ALL, CHB, EAS","-","-"
"NA18632 (M)","A|A","ALL, CHB, EAS","-","-"
"NA18633 (M)","A|G","ALL, CHB, EAS","-","-"
"NA18634 (F)","G|A","ALL, CHB, EAS","-","-"
"NA18635 (M)","A|A","ALL, CHB, EAS","-","-"
"NA18636 (M)","A|A","ALL, CHB, EAS","-","-"
"NA18637 (M)","A|G","ALL, CHB, EAS","-","-"
"NA18638 (M)","A|A","ALL, CHB, EAS","-","-"
"NA18639 (M)","G|A","ALL, CHB, EAS","-","-"
"NA18640 (F)","G|A","ALL, CHB, EAS","-","-"
"NA18641 (F)","G|A","ALL, CHB, EAS","-","-"
"NA18642 (F)","G|G","ALL, CHB, EAS","-","-"
"NA18643 (M)","A|G","ALL, CHB, EAS","-","-"
"NA18644 (F)","A|A","ALL, CHB, EAS","-","-"
"NA18645 (M)","A|A","ALL, CHB, EAS","-","-"
"NA18646 (F)","A|A","ALL, CHB, EAS","-","-"
"NA18647 (M)","A|G","ALL, CHB, EAS","-","-"
"NA18648 (M)","A|G","ALL, CHB, EAS","-","-"
"NA18740 (M)","G|A","ALL, CHB, EAS","-","-"
"NA18745 (M)","A|G","ALL, CHB, EAS","-","-"
"NA18747 (M)","A|G","ALL, CHB, EAS","-","-"
"NA18748 (M)","G|A","ALL, CHB, EAS","-","-"
"NA18749 (M)","A|A","ALL, CHB, EAS","-","-"
"NA18757 (M)","A|A","ALL, CHB, EAS","-","-"
